device,method,image_index,mse,psnr_db
cpu,deep,0,0.010026768781244755,19.98839020729065
cpu,mean,0,0.012912824749946594,18.889787197113037
cpu,gaussian,0,0.010319828055799007,19.863275289535522
cpu,median,0,0.010934416204690933,19.612044095993042
