device,image_size,method,image_index,mse,psnr_db
cpu,16,deep,0,0.010480950586497784,19.79599356651306
cpu,16,mean,0,0.03096224181354046,15.091675519943237
cpu,16,gaussian,0,0.023919260129332542,16.212522983551025
cpu,16,median,0,0.02279733680188656,16.42115831375122
